{"cameraMode":{"drawMode":0,"name":"Shaded","section":"Shading Mode"},"sceneLighting":false,"audioPlay":false,"sceneViewState":{"m_AlwaysRefresh":false,"showFog":true,"showSkybox":false,"showFlares":true,"showImageEffects":true,"showParticleSystems":true,"showVisualEffectGraphs":true,"m_FxEnabled":true},"in2DMode":false,"pivot":{"x":-7.636111259460449,"y":2.7993762493133547,"z":-10.541570663452149},"rotation":{"x":-0.29612213373184206,"y":-0.17997749149799348,"z":0.05691948160529137,"w":-0.9363143444061279},"size":0.7117196321487427,"orthographic":false}